"ALL_FILE_GROUP_VERSIONS","ALL_TYPE_VERSIONS","GV_$VERSION","PRODUCT_COMPONENT_VERSION","SM_$VERSION","USER_FILE_GROUP_VERSIONS","USER_TYPE_VERSIONS","V_$VERSION","_ALL_FILE_GROUP_VERSIONS"
"COMMENTS","COMMENTS","COMMENTS","COMMENTS","COMMENTS","COMMENTS","COMMENTS","COMMENTS","COMMENTS"
"CREATED","CREATED","CREATED","CREATED","CREATED","CREATED","CREATED","CREATED","CREATED"
"CREATOR","CREATOR","CREATOR","CREATOR","CREATOR","CREATOR","CREATOR","CREATOR","CREATOR"
"DEFAULT_DIRECTORY","DEFAULT_DIRECTORY","DEFAULT_DIRECTORY","DEFAULT_DIRECTORY","DEFAULT_DIRECTORY","DEFAULT_DIRECTORY","DEFAULT_DIRECTORY","DEFAULT_DIRECTORY","DEFAULT_DIRECTORY"
"FILE_GROUP_NAME","FILE_GROUP_NAME","FILE_GROUP_NAME","FILE_GROUP_NAME","FILE_GROUP_NAME","FILE_GROUP_NAME","FILE_GROUP_NAME","FILE_GROUP_NAME","FILE_GROUP_NAME"
"FILE_GROUP_OWNER","FILE_GROUP_OWNER","FILE_GROUP_OWNER","FILE_GROUP_OWNER","FILE_GROUP_OWNER","FILE_GROUP_OWNER","FILE_GROUP_OWNER","FILE_GROUP_OWNER","FILE_GROUP_OWNER"
"VERSION_GUID","VERSION_GUID","VERSION_GUID","VERSION_GUID","VERSION_GUID","VERSION_GUID","VERSION_GUID","VERSION_GUID","VERSION_GUID"
"VERSION_ID","VERSION_ID","VERSION_ID","VERSION_ID","VERSION_ID","VERSION_ID","VERSION_ID","VERSION_ID","VERSION_ID"
"VERSION_NAME","VERSION_NAME","VERSION_NAME","VERSION_NAME","VERSION_NAME","VERSION_NAME","VERSION_NAME","VERSION_NAME","VERSION_NAME"
"COMMENTS","COMMENTS","COMMENTS","COMMENTS","COMMENTS","COMMENTS","COMMENTS","","COMMENTS"
"CREATED","CREATED","CREATED","CREATED","CREATED","CREATED","CREATED","","CREATED"
"CREATOR","CREATOR","CREATOR","CREATOR","CREATOR","CREATOR","CREATOR","","CREATOR"
"DEFAULT_DIRECTORY","DEFAULT_DIRECTORY","DEFAULT_DIRECTORY","DEFAULT_DIRECTORY","DEFAULT_DIRECTORY","DEFAULT_DIRECTORY","DEFAULT_DIRECTORY","","DEFAULT_DIRECTORY"
"FILE_GROUP_NAME","FILE_GROUP_NAME","FILE_GROUP_NAME","FILE_GROUP_NAME","FILE_GROUP_NAME","FILE_GROUP_NAME","FILE_GROUP_NAME","","FILE_GROUP_NAME"
"FILE_GROUP_OWNER","FILE_GROUP_OWNER","FILE_GROUP_OWNER","FILE_GROUP_OWNER","FILE_GROUP_OWNER","FILE_GROUP_OWNER","FILE_GROUP_OWNER","","FILE_GROUP_OWNER"
"VERSION_GUID","VERSION_GUID","VERSION_GUID","VERSION_GUID","VERSION_GUID","VERSION_GUID","VERSION_GUID","","VERSION_GUID"
"VERSION_ID","VERSION_ID","VERSION_ID","VERSION_ID","VERSION_ID","VERSION_ID","VERSION_ID","","VERSION_ID"
"VERSION_NAME","VERSION_NAME","VERSION_NAME","VERSION_NAME","VERSION_NAME","VERSION_NAME","VERSION_NAME","","VERSION_NAME"
"COMMENTS","COMMENTS","","COMMENTS","COMMENTS","COMMENTS","COMMENTS","","COMMENTS"
"CREATED","CREATED","","CREATED","CREATED","CREATED","CREATED","","CREATED"
"CREATOR","CREATOR","","CREATOR","CREATOR","CREATOR","CREATOR","","CREATOR"
"DEFAULT_DIRECTORY","DEFAULT_DIRECTORY","","DEFAULT_DIRECTORY","DEFAULT_DIRECTORY","DEFAULT_DIRECTORY","DEFAULT_DIRECTORY","","DEFAULT_DIRECTORY"
"FILE_GROUP_NAME","FILE_GROUP_NAME","","FILE_GROUP_NAME","FILE_GROUP_NAME","FILE_GROUP_NAME","FILE_GROUP_NAME","","FILE_GROUP_NAME"
"FILE_GROUP_OWNER","FILE_GROUP_OWNER","","FILE_GROUP_OWNER","FILE_GROUP_OWNER","FILE_GROUP_OWNER","FILE_GROUP_OWNER","","FILE_GROUP_OWNER"
"VERSION_GUID","VERSION_GUID","","VERSION_GUID","VERSION_GUID","VERSION_GUID","VERSION_GUID","","VERSION_GUID"
"VERSION_ID","VERSION_ID","","VERSION_ID","VERSION_ID","VERSION_ID","VERSION_ID","","VERSION_ID"
"VERSION_NAME","VERSION_NAME","","VERSION_NAME","VERSION_NAME","VERSION_NAME","VERSION_NAME","","VERSION_NAME"
"COMMENTS","COMMENTS","","","","COMMENTS","COMMENTS","","COMMENTS"
"CREATED","CREATED","","","","CREATED","CREATED","","CREATED"
"CREATOR","CREATOR","","","","CREATOR","CREATOR","","CREATOR"
"DEFAULT_DIRECTORY","DEFAULT_DIRECTORY","","","","DEFAULT_DIRECTORY","DEFAULT_DIRECTORY","","DEFAULT_DIRECTORY"
"FILE_GROUP_NAME","FILE_GROUP_NAME","","","","FILE_GROUP_NAME","FILE_GROUP_NAME","","FILE_GROUP_NAME"
"FILE_GROUP_OWNER","FILE_GROUP_OWNER","","","","FILE_GROUP_OWNER","FILE_GROUP_OWNER","","FILE_GROUP_OWNER"
"VERSION_GUID","VERSION_GUID","","","","VERSION_GUID","VERSION_GUID","","VERSION_GUID"
"VERSION_ID","VERSION_ID","","","","VERSION_ID","VERSION_ID","","VERSION_ID"
"VERSION_NAME","VERSION_NAME","","","","VERSION_NAME","VERSION_NAME","","VERSION_NAME"
"COMMENTS","COMMENTS","","","","COMMENTS","COMMENTS","","COMMENTS"
"CREATED","CREATED","","","","CREATED","CREATED","","CREATED"
"CREATOR","CREATOR","","","","CREATOR","CREATOR","","CREATOR"
"DEFAULT_DIRECTORY","DEFAULT_DIRECTORY","","","","DEFAULT_DIRECTORY","DEFAULT_DIRECTORY","","DEFAULT_DIRECTORY"
"FILE_GROUP_NAME","FILE_GROUP_NAME","","","","FILE_GROUP_NAME","FILE_GROUP_NAME","","FILE_GROUP_NAME"
"FILE_GROUP_OWNER","FILE_GROUP_OWNER","","","","FILE_GROUP_OWNER","FILE_GROUP_OWNER","","FILE_GROUP_OWNER"
"VERSION_GUID","VERSION_GUID","","","","VERSION_GUID","VERSION_GUID","","VERSION_GUID"
"VERSION_ID","VERSION_ID","","","","VERSION_ID","VERSION_ID","","VERSION_ID"
"VERSION_NAME","VERSION_NAME","","","","VERSION_NAME","VERSION_NAME","","VERSION_NAME"
"COMMENTS","COMMENTS","","","","COMMENTS","COMMENTS","","COMMENTS"
"CREATED","CREATED","","","","CREATED","CREATED","","CREATED"
"CREATOR","CREATOR","","","","CREATOR","CREATOR","","CREATOR"
"DEFAULT_DIRECTORY","DEFAULT_DIRECTORY","","","","DEFAULT_DIRECTORY","DEFAULT_DIRECTORY","","DEFAULT_DIRECTORY"
"FILE_GROUP_NAME","FILE_GROUP_NAME","","","","FILE_GROUP_NAME","FILE_GROUP_NAME","","FILE_GROUP_NAME"
"FILE_GROUP_OWNER","FILE_GROUP_OWNER","","","","FILE_GROUP_OWNER","FILE_GROUP_OWNER","","FILE_GROUP_OWNER"
"VERSION_GUID","VERSION_GUID","","","","VERSION_GUID","VERSION_GUID","","VERSION_GUID"
"VERSION_ID","VERSION_ID","","","","VERSION_ID","VERSION_ID","","VERSION_ID"
"VERSION_NAME","VERSION_NAME","","","","VERSION_NAME","VERSION_NAME","","VERSION_NAME"
"COMMENTS","COMMENTS","","","","COMMENTS","COMMENTS","","COMMENTS"
"CREATED","CREATED","","","","CREATED","CREATED","","CREATED"
"CREATOR","CREATOR","","","","CREATOR","CREATOR","","CREATOR"
"DEFAULT_DIRECTORY","DEFAULT_DIRECTORY","","","","DEFAULT_DIRECTORY","DEFAULT_DIRECTORY","","DEFAULT_DIRECTORY"
"FILE_GROUP_NAME","FILE_GROUP_NAME","","","","FILE_GROUP_NAME","FILE_GROUP_NAME","","FILE_GROUP_NAME"
"FILE_GROUP_OWNER","FILE_GROUP_OWNER","","","","FILE_GROUP_OWNER","FILE_GROUP_OWNER","","FILE_GROUP_OWNER"
"VERSION_GUID","VERSION_GUID","","","","VERSION_GUID","VERSION_GUID","","VERSION_GUID"
"VERSION_ID","VERSION_ID","","","","VERSION_ID","VERSION_ID","","VERSION_ID"
"VERSION_NAME","VERSION_NAME","","","","VERSION_NAME","VERSION_NAME","","VERSION_NAME"
"COMMENTS","COMMENTS","","","","","","","COMMENTS"
"CREATED","CREATED","","","","","","","CREATED"
"CREATOR","CREATOR","","","","","","","CREATOR"
"DEFAULT_DIRECTORY","DEFAULT_DIRECTORY","","","","","","","DEFAULT_DIRECTORY"
"FILE_GROUP_NAME","FILE_GROUP_NAME","","","","","","","FILE_GROUP_NAME"
"FILE_GROUP_OWNER","FILE_GROUP_OWNER","","","","","","","FILE_GROUP_OWNER"
"VERSION_GUID","VERSION_GUID","","","","","","","VERSION_GUID"
"VERSION_ID","VERSION_ID","","","","","","","VERSION_ID"
"VERSION_NAME","VERSION_NAME","","","","","","","VERSION_NAME"
"","","","","","","","","COMMENTS"
"","","","","","","","","CREATED"
"","","","","","","","","CREATOR"
"","","","","","","","","DEFAULT_DIRECTORY"
"","","","","","","","","FILE_GROUP_NAME"
"","","","","","","","","FILE_GROUP_OWNER"
"","","","","","","","","VERSION_GUID"
"","","","","","","","","VERSION_ID"
"","","","","","","","","VERSION_NAME"
